"Keyword","Impressions","Clicks","CTR","Avg. Position"
"pirlotv nba","82","8","9.76%","4.024406097560976"
"pirlo tv motogp","57","15","26.32%","5.4385824561403515"
"pirlo tv","20","0","0%","9.24995"
"pirlo tv en vivo nba","11","4","36.36%","4.454554545454545"
"pirlo tv en vivo gratis","11","5","45.45%","39"
"pirlo tv en directo gratis","8","5","62.5%","1.875"
"pirlo tv mlb","7","0","0%","5.571428571428571"
"www.pirlotv.es gratis","6","5","83.33%","1"
"pirlo nba tv","4","2","50%","1"
"pirlo motogp","4","0","0%","7"
"pirlo tv baloncesto","3","1","33.33%","7"
"tarjeta roja futbol en vivo gratis pirlo","3","0","0%","1"
"pirlo tv béisbol","3","1","33.33%","4.3333"
"pirlo tv directo","3","3","100%","3.3333"
"pirlo tv directo gratis hoy","3","2","66.67%","3.6666666666666665"
"pirlo tv en directo","3","3","100%","1"
"pirlo tv directo gratis","3","3","100%","2"
"moto gp ver gratis pirlo tv","2","1","50%","2"
"pirlo tv nba hoy","2","0","0%","3"
"nba pirlo tv","2","3","150%","1.5"
"pirlo tv moto gp en vivo","2","0","0%","6"
"pirlo tv deportes en vivo","2","0","0%","10"
"pirlo tv practica moto gp","2","0","0%","5"
"pirlotv.fv","1","0","0%","2"
"pirlotv.me motogp","1","0","0%","5"
"pirlotv nhl","1","0","0%","3"
"roja directa por pirlo motogp","1","0","0%","4"
"pirlo tv béisbol grandes","1","0","0%","5"
"pirlo tv futbol en vivo","1","1","100%","10"
"https://www.pirlotv.at/movistar-moto-gp.php","1","1","100%","5"
"npirlo tv nba","1","0","0%","9"
"pirlo.tv baseball","1","0","0%","4"
"pirlo tv hd","1","0","0%","10"
"pirlo tv deportes","1","0","0%","10"
"pirlo tv moto tp","1","0","0%","7"
"pirlo motogp en directo","1","0","0%","6"
"mlb en pirlo tv","1","0","0%","4"
"moto gp en pirlo tv","1","2","200%","1"
"pirlo tv moto gp en español","1","0","0%","8"
"pirlo tv hd beisbol","1","0","0%","2"
"pirlo tv nba en vivo","1","0","0%","5"
"pirlo tv online nba","1","0","0%","1"
"pirlo tv en vivo","1","1","100%","1"
"pirlo tv beisbol en vivo","1","0","0%","6"
"pirlo tv beisbolen","1","0","0%","6"
"pirlo tv en vivo motogp","1","1","100%","6"
"moto gp pirlo tv","1","1","100%","2"
